,Unnamed: 0,Customers,StoreType,CompetitionDistance,Store,Promo,Promo2SinceWeek,CompetitionOpenSinceYear,Assortment,CompetitionOpenSinceMonth,DayOfWeek,Sales
0,0,0,3,5350,1115,0,22,1900,2,1,2,0
1,1,0,3,6630,379,0,1,1900,0,1,2,0
2,2,0,0,2140,378,0,1,2012,2,8,2,0
3,3,0,0,100,377,0,18,2010,2,6,2,0
4,4,0,0,160,376,0,1,2012,0,8,2,0
5,5,0,0,15710,375,0,37,2013,2,2,2,0
6,6,0,0,1150,374,0,1,2007,0,9,2,0
7,7,0,3,11120,373,0,22,1900,2,1,2,0
8,8,0,3,4880,372,0,18,2010,2,8,2,0
9,9,0,3,1970,371,0,45,2009,2,7,2,0
10,10,0,3,8250,370,0,31,2000,0,10,2,0
11,11,0,3,5870,369,0,1,2014,2,4,2,0
12,12,0,3,1450,368,0,45,2005,2,4,2,0
13,13,0,3,2640,367,0,1,2012,2,9,2,0
14,14,0,3,6470,366,0,1,2004,2,12,2,0
15,15,0,0,2240,380,0,10,2013,0,5,2,0
16,16,0,2,2410,365,0,45,1900,0,1,2,0
17,17,0,0,250,363,0,1,2009,0,9,2,0
18,18,0,2,340,362,0,1,1900,2,1,2,0
19,19,0,2,4490,361,0,5,2014,2,5,2,0
20,20,0,0,2040,360,0,1,2007,0,6,2,0
21,21,0,3,4370,359,0,1,1900,2,1,2,0
22,22,0,0,2890,358,0,1,2003,0,10,2,0
23,23,0,0,2060,357,0,1,2008,0,10,2,0
24,24,0,3,8970,356,0,22,2007,2,12,2,0
25,25,0,0,9720,355,0,1,2013,2,8,2,0
26,26,0,3,1500,354,0,1,2005,2,10,2,0
27,27,820,1,900,353,0,14,1900,1,1,2,3139
28,28,0,3,6360,352,0,40,1900,2,1,2,0
29,29,0,0,5290,351,0,5,2012,0,11,2,0
30,30,0,3,8880,350,0,14,1900,0,1,2,0
31,31,0,0,13620,364,0,10,1900,2,1,2,0
32,32,0,0,1800,381,0,5,2006,0,11,2,0
33,33,0,2,26130,382,0,1,2002,2,11,2,0
34,34,0,0,350,383,0,1,1900,2,1,2,0
35,35,0,3,6210,414,0,1,1900,2,1,2,0
36,36,0,0,760,413,0,1,2014,2,9,2,0
37,37,0,3,4460,412,0,39,1900,2,1,2,0
38,38,0,3,8460,411,0,1,1900,2,1,2,0
39,39,0,2,40,410,0,22,2011,0,11,2,0
40,40,0,3,840,409,0,1,1900,2,1,2,0
41,41,0,2,1560,408,0,45,1900,0,1,2,0
42,42,0,0,5890,407,0,14,2003,0,10,2,0
43,43,0,3,8240,406,0,10,2001,2,3,2,0
44,44,0,0,1080,405,0,14,2008,0,4,2,0
45,45,0,0,1420,404,0,10,1900,2,1,2,0
46,46,0,0,4970,403,0,1,2015,0,7,2,0
47,47,0,2,5830,402,0,13,2011,2,9,2,0
48,48,0,0,9200,401,0,14,2009,2,10,2,0
49,49,0,0,70,400,0,14,2004,0,11,2,0
50,50,0,0,5360,399,0,40,2012,0,9,2,0
51,51,0,2,1540,398,0,1,1900,2,1,2,0
52,52,0,0,130,384,0,14,1900,2,1,2,0
53,53,0,3,4580,385,0,1,2007,0,9,2,0
54,54,0,3,1460,386,0,31,2014,2,4,2,0
55,55,0,2,210,387,0,36,1900,0,1,2,0
56,56,0,0,2260,388,0,1,1900,0,1,2,0
57,57,0,0,6690,389,0,1,2011,2,8,2,0
58,58,0,2,1490,349,0,1,2009,2,4,2,0
59,59,0,0,1600,390,0,1,2009,2,4,2,0
60,60,0,0,2120,392,0,1,1900,0,1,2,0
61,61,0,3,4820,393,0,1,2008,2,3,2,0
62,62,0,3,10850,394,0,1,1900,0,1,2,0
63,63,0,0,3620,395,0,1,2013,0,2,2,0
64,64,0,0,23130,396,0,1,1900,2,1,2,0
65,65,0,0,130,397,0,27,1900,2,1,2,0
66,66,0,0,460,391,0,31,2014,0,11,2,0
67,67,0,0,16490,348,0,22,1900,0,1,2,0
68,68,0,3,9360,347,0,22,2013,2,7,2,0
69,69,0,0,8090,346,0,1,1900,2,1,2,0
70,70,0,0,2290,310,0,10,1900,2,1,2,0
71,71,0,3,8740,309,0,37,1900,0,1,2,0
72,72,0,0,1070,308,0,13,2006,0,12,2,0
73,73,0,0,18660,307,0,1,2002,0,9,2,0
74,74,0,0,5100,306,0,40,2007,0,4,2,0
75,75,0,2,2470,305,0,31,2005,2,2,2,0
76,76,0,0,1950,304,0,1,2015,0,7,2,0
77,77,0,0,15430,303,0,18,2012,0,11,2,0
78,78,0,3,2190,302,0,9,2007,2,12,2,0
79,79,0,0,4510,301,0,1,2015,2,3,2,0
80,80,0,0,120,300,0,1,2009,2,4,2,0
81,81,0,3,38630,299,0,1,2012,2,9,2,0
82,82,0,3,19840,298,0,1,2009,0,7,2,0
83,83,0,0,2300,297,0,1,2010,0,9,2,0
84,84,0,0,9580,296,0,45,2007,0,5,2,0
85,85,0,0,210,295,0,36,2000,0,11,2,0
86,86,0,0,3150,294,0,1,2005,0,5,2,0
87,87,0,3,18640,280,0,10,2013,2,9,2,0
88,88,0,3,6970,281,0,1,2011,2,9,2,0
89,89,0,0,1220,282,0,1,2010,0,12,2,0
90,90,0,0,2260,283,0,40,1900,0,1,2,0
91,91,0,3,1290,284,0,40,1900,0,1,2,0
92,92,0,0,2410,285,0,1,1900,0,1,2,0
93,93,0,0,680,311,0,1,2005,2,7,2,0
94,94,0,0,1460,286,0,1,2015,0,4,2,0
95,95,0,3,800,288,0,14,1900,0,1,2,0
96,96,0,3,6540,289,0,1,2007,0,12,2,0
97,97,0,0,4150,290,0,1,2001,0,5,2,0
98,98,0,3,0,291,0,1,1900,0,1,2,0
99,99,0,0,1100,292,0,1,2009,0,6,2,0
100,100,0,2,140,293,0,1,2007,2,11,2,0
101,101,0,2,2740,287,0,40,2009,0,5,2,0
102,102,0,3,6910,415,0,1,2005,2,4,2,0
103,103,0,3,11300,312,0,1,2012,0,3,2,0
104,104,0,0,3560,314,0,31,2001,0,10,2,0
105,105,0,0,120,345,0,22,1900,0,1,2,0
106,106,0,0,300,344,0,14,2011,2,4,2,0
107,107,0,3,18650,343,0,14,2004,0,4,2,0
108,108,0,3,15770,342,0,40,1900,2,1,2,0
109,109,0,0,190,341,0,1,2011,0,9,2,0
110,110,0,0,8080,340,0,1,1900,2,1,2,0
111,111,0,0,2280,339,0,10,1900,2,1,2,0
112,112,0,0,1590,338,0,37,1900,2,1,2,0
113,113,0,3,10600,337,0,45,2005,2,7,2,0
114,114,0,0,190,336,0,1,2014,0,7,2,0
115,115,482,1,90,335,0,31,1900,0,1,2,2401
116,116,0,3,4040,334,0,18,2008,2,8,2,0
117,117,0,0,3720,333,0,1,2010,2,2,2,0
118,118,0,0,1840,332,0,1,2006,0,3,2,0
119,119,0,0,670,331,0,14,1900,2,1,2,0
120,120,0,0,370,330,0,22,1900,2,1,2,0
121,121,0,0,1310,329,0,22,1990,0,6,2,0
122,122,0,0,38710,315,0,1,2013,2,4,2,0
123,123,0,3,9000,316,0,1,2001,0,8,2,0
124,124,0,3,3140,317,0,14,2013,0,7,2,0
125,125,0,3,32330,318,0,1,2014,2,3,2,0
126,126,0,0,570,319,0,27,2012,2,9,2,0
127,127,0,0,210,320,0,1,2012,2,9,2,0
128,128,0,3,14160,313,0,1,1900,2,1,2,0
129,129,0,2,8140,321,0,10,2013,2,11,2,0
130,130,0,3,8400,323,0,5,2012,2,4,2,0
131,131,0,0,13140,324,0,14,1900,0,1,2,0
132,132,0,0,350,325,0,22,2011,2,3,2,0
133,133,0,3,10070,326,0,31,2015,0,5,2,0
134,134,0,2,1390,327,0,1,2004,2,12,2,0
135,135,0,0,3130,328,0,1,2002,0,7,2,0
136,136,0,0,17500,322,0,37,2001,0,4,2,0
137,137,0,0,4650,416,0,1,2014,2,6,2,0
138,138,0,0,840,417,0,10,1900,2,1,2,0
139,139,0,0,1060,418,0,27,2009,0,5,2,0
140,140,0,2,2510,519,0,1,2009,2,8,2,0
141,141,0,3,3330,518,0,13,2015,2,3,2,0
142,142,0,0,22490,517,0,1,1900,2,1,2,0
143,143,0,0,20,516,0,35,1900,2,1,2,0
144,144,0,3,11260,515,0,9,1900,2,1,2,0
145,145,0,2,1200,514,0,27,2012,2,7,2,0
146,146,0,0,400,513,0,1,2013,0,8,2,0
147,147,625,1,590,512,0,5,1900,1,1,2,2646
148,148,0,0,2060,511,0,1,2009,0,9,2,0
149,149,0,0,8260,510,0,1,1900,2,1,2,0
150,150,0,0,4740,509,0,37,2008,0,7,2,0
151,151,0,0,1280,508,0,40,1900,2,1,2,0
152,152,0,0,9070,507,0,37,2011,2,4,2,0
153,153,0,0,1850,506,0,18,2014,0,12,2,0
154,154,0,0,350,505,0,5,1900,0,1,2,0
155,155,0,2,820,504,0,1,1900,2,1,2,0
156,156,0,3,13080,503,0,14,2006,2,9,2,0
157,157,0,0,14960,489,0,37,2013,0,11,2,0
158,158,0,0,660,490,0,40,2013,0,4,2,0
159,159,0,3,4680,491,0,22,1900,2,1,2,0
160,160,0,0,1740,492,0,40,2008,0,3,2,0
161,161,0,3,1150,493,0,14,1900,2,1,2,0
162,162,527,1,1260,494,0,1,2011,0,6,2,3113
163,163,0,0,6900,520,0,40,1900,2,1,2,0
164,164,0,3,5470,495,0,37,1900,0,1,2,0
165,165,0,0,1610,497,0,1,1900,2,1,2,0
166,166,0,0,990,498,0,40,1900,0,1,2,0
167,167,0,2,450,499,0,5,1900,2,1,2,0
168,168,0,3,10690,500,0,5,2007,2,9,2,0
169,169,0,0,1620,501,0,1,2006,2,9,2,0
170,170,0,0,220,502,0,37,2002,0,2,2,0
171,171,0,3,2780,496,0,1,2015,2,6,2,0
172,172,0,0,2890,488,0,1,2014,2,4,2,0
173,173,0,3,18610,521,0,48,2002,0,11,2,0
174,174,0,2,50,523,0,1,2013,2,11,2,0
175,175,0,2,1200,554,0,1,1900,2,1,2,0
176,176,0,2,3040,553,0,13,2002,0,9,2,0
177,177,0,0,4260,552,0,37,2008,0,7,2,0
178,178,0,0,2190,551,0,1,2013,2,9,2,0
179,179,0,3,50,550,0,1,2015,2,6,2,0
180,180,0,0,2330,549,0,1,1900,2,1,2,0
181,181,0,3,3760,548,0,1,2009,2,2,2,0
182,182,0,3,8990,547,0,35,2009,2,11,2,0
183,183,0,0,580,546,0,1,2005,0,1,2,0
184,184,0,0,5020,545,0,18,2006,2,5,2,0
185,185,0,0,250,544,0,13,2001,0,12,2,0
186,186,0,2,1080,543,0,1,2012,0,12,2,0
187,187,0,0,7280,542,0,1,2012,0,9,2,0
188,188,0,0,650,541,0,1,1990,2,7,2,0
189,189,0,3,810,540,0,48,1900,2,1,2,0
190,190,0,0,770,539,0,40,2013,0,5,2,0
191,191,0,0,990,538,0,1,2010,0,2,2,0
192,192,0,0,40860,524,0,1,2013,2,9,2,0
193,193,0,3,1870,525,0,1,2013,2,9,2,0
194,194,0,0,120,526,0,48,1900,0,1,2,0
195,195,0,3,5830,527,0,1,2008,2,4,2,0
196,196,0,0,20620,528,0,37,1900,2,1,2,0
197,197,0,3,12920,529,0,1,2012,2,9,2,0
198,198,0,3,7160,522,0,9,2012,2,11,2,0
199,199,532,0,18160,530,0,1,1900,2,1,2,2907
200,200,0,0,1070,532,0,1,2010,2,8,2,0
201,201,0,0,5950,533,0,1,1900,2,1,2,0
202,202,0,3,1200,534,0,45,2009,0,9,2,0
203,203,0,0,3570,535,0,1,2007,0,4,2,0
204,204,0,0,4700,536,0,31,2002,2,9,2,0
205,205,0,0,600,537,0,1,2002,0,5,2,0
206,206,0,0,4030,531,0,1,1900,2,1,2,0
207,207,0,3,2320,279,0,40,1900,2,1,2,0
208,208,0,3,2180,487,0,40,2012,2,9,2,0
209,209,0,3,3270,485,0,22,1900,2,1,2,0
210,210,0,0,120,449,0,37,2014,2,12,2,0
211,211,0,0,3970,448,0,1,2009,2,9,2,0
212,212,0,0,1510,447,0,1,2013,2,9,2,0
213,213,0,0,340,446,0,31,2000,0,10,2,0
214,214,0,0,240,445,0,1,1900,0,1,2,0
215,215,0,2,1700,444,0,1,2009,0,11,2,0
216,216,0,3,11400,443,0,1,2005,0,12,2,0
217,217,0,2,500,442,0,45,1900,0,1,2,0
218,218,0,3,2530,441,0,1,1900,0,1,2,0
219,219,0,3,3900,440,0,45,2005,0,4,2,0
220,220,0,0,1350,439,0,1,2009,0,9,2,0
221,221,0,3,1110,438,0,40,1900,2,1,2,0
222,222,0,2,430,437,0,50,1900,2,1,2,0
223,223,0,3,2300,436,0,1,1900,0,1,2,0
224,224,0,0,910,435,0,1,1900,0,1,2,0
225,225,0,0,13020,434,0,40,2003,0,8,2,0
226,226,0,0,30030,433,0,1,2010,2,11,2,0
227,227,0,2,1620,419,0,1,2009,0,9,2,0
228,228,0,3,250,420,0,27,1900,2,1,2,0
229,229,0,2,3530,421,0,35,2012,2,6,2,0
230,230,0,0,2880,422,0,1,1900,2,1,2,0
231,231,1751,1,1270,423,0,1,2014,0,5,2,9643
232,232,0,3,1250,424,0,40,1900,2,1,2,0
233,233,0,2,5780,450,0,10,1994,0,11,2,0
234,234,0,3,1460,425,0,1,1900,2,1,2,0
235,235,0,0,70,427,0,13,2005,2,7,2,0
236,236,0,3,2960,428,0,23,2014,0,12,2,0
237,237,0,3,16350,429,0,31,2005,2,7,2,0
238,238,0,3,12870,430,0,1,2008,2,10,2,0
239,239,0,3,4520,431,0,1,1900,2,1,2,0
240,240,0,0,810,432,0,1,2013,0,5,2,0
241,241,0,0,250,426,0,1,1900,0,1,2,0
242,242,0,0,2320,486,0,31,1900,0,1,2,0
243,243,0,0,2460,451,0,13,2009,0,4,2,0
244,244,0,0,75860,453,0,1,1900,2,1,2,0
245,245,0,0,14300,484,0,1,2011,2,3,2,0
246,246,0,0,2310,483,0,13,2011,2,9,2,0
247,247,0,2,2550,482,0,1,2005,0,10,2,0
248,248,0,2,7470,481,0,44,1900,2,1,2,0
249,249,0,0,300,480,0,1,2012,0,11,2,0
250,250,0,0,320,479,0,9,2005,0,12,2,0
251,251,0,3,1940,478,0,1,2012,2,3,2,0
252,252,0,3,770,477,0,35,2010,0,7,2,0
253,253,0,3,8300,476,0,1,2006,0,9,2,0
254,254,0,0,140,475,0,1,2005,0,9,2,0
255,255,0,2,14810,474,0,14,1900,0,1,2,0
256,256,0,0,50,473,0,1,1900,0,1,2,0
257,257,0,2,5030,472,0,1,2011,2,8,2,0
258,258,0,3,5300,471,0,45,1900,0,1,2,0
259,259,0,0,50,470,0,1,1900,2,1,2,0
260,260,0,2,710,469,0,1,2005,2,9,2,0
261,261,0,2,5260,468,0,1,2012,2,9,2,0
262,262,0,0,26450,454,0,1,1900,0,1,2,0
263,263,0,3,7660,455,0,1,2010,2,9,2,0
264,264,0,0,140,456,0,1,1900,2,1,2,0
265,265,0,3,13140,457,0,31,1900,2,1,2,0
266,266,0,2,3390,458,0,1,1900,0,1,2,0
267,267,0,0,250,459,0,5,2008,0,9,2,0
268,268,0,0,1850,452,0,5,2013,2,8,2,0
269,269,0,0,34050,460,0,1,2008,0,4,2,0
270,270,0,0,44320,462,0,1,2008,0,8,2,0
271,271,0,0,4160,463,0,1,1900,0,1,2,0
272,272,0,2,520,464,0,1,2009,0,3,2,0
273,273,0,3,10890,465,0,1,2005,2,4,2,0
274,274,0,0,3110,466,0,1,2003,2,3,2,0
275,275,0,0,20390,467,0,1,2008,2,4,2,0
276,276,0,3,1790,461,0,40,2013,2,7,2,0
277,277,0,3,1560,555,0,10,2014,0,1,2,0
278,278,0,0,9260,278,0,1,2010,2,2,2,0
279,279,0,0,2960,276,0,36,2014,0,10,2,0
280,280,0,3,17930,100,0,1,1900,0,1,2,0
281,281,0,2,2030,99,0,22,2003,2,11,2,0
282,282,0,3,15140,98,0,1,2006,2,12,2,0
283,283,0,3,8980,97,0,1,1900,2,1,2,0
284,284,0,0,8780,96,0,37,2005,0,2,2,0
285,285,0,0,1890,95,0,1,2014,0,10,2,0
286,286,0,3,14620,94,0,1,1900,2,1,2,0
287,287,0,0,16690,93,0,14,1900,0,1,2,0
288,288,0,2,240,92,0,45,1900,0,1,2,0
289,289,0,2,2410,91,0,35,1900,0,1,2,0
290,290,0,0,330,90,0,1,2007,0,11,2,0
291,291,0,0,2380,89,0,40,2004,0,7,2,0
292,292,0,0,10690,88,0,1,2005,0,10,2,0
293,293,0,0,560,87,0,1,2010,0,12,2,0
294,294,0,3,2440,101,0,22,1900,2,1,2,0
295,295,0,0,480,86,0,31,2005,0,2,2,0
296,296,0,0,11810,84,0,1,2014,2,8,2,0
297,297,0,0,2710,83,0,1,1900,0,1,2,0
298,298,0,0,22390,82,0,37,2008,0,4,2,0
299,299,0,0,2370,81,0,40,2011,0,3,2,0
300,300,0,3,7910,80,0,1,1900,0,1,2,0
301,301,0,0,3320,79,0,1,1900,0,1,2,0
302,302,0,0,3510,78,0,5,2006,0,11,2,0
303,303,0,3,1090,77,0,10,2009,2,8,2,0
304,304,0,3,19960,76,0,1,2006,2,3,2,0
305,305,0,3,22440,75,0,1,2013,2,12,2,0
306,306,0,0,330,74,0,1,1900,0,1,2,0
307,307,0,0,1650,73,0,1,2008,2,9,2,0
308,308,0,0,2200,72,0,13,2009,0,12,2,0
309,309,0,0,17500,71,0,37,2008,0,8,2,0
310,310,619,1,1870,85,0,1,2011,0,10,2,4220
311,311,0,0,150,102,0,10,2007,0,12,2,0
312,312,0,3,5210,103,0,1,2015,2,5,2,0
313,313,0,0,390,104,0,1,2009,0,6,2,0
314,314,0,3,5190,135,0,1,1900,0,1,2,0
315,315,0,0,1200,134,0,1,2008,0,9,2,0
316,316,0,0,270,133,0,10,2013,0,8,2,0
317,317,0,3,1040,132,0,27,1900,2,1,2,0
318,318,0,2,920,131,0,1,2015,0,7,2,0
319,319,0,2,900,130,0,13,1900,0,1,2,0
320,320,0,0,2460,129,0,14,1900,0,1,2,0
321,321,0,3,2000,128,0,1,1900,2,1,2,0
322,322,0,3,1350,127,0,13,2005,0,12,2,0
323,323,0,3,3370,126,0,18,2014,0,10,2,0
324,324,0,0,760,125,0,1,2005,0,12,2,0
325,325,0,0,1410,124,0,1,2003,0,4,2,0
326,326,0,0,16760,123,0,1,2011,0,9,2,0
327,327,0,0,58260,122,0,1,2013,2,4,2,0
328,328,0,0,3570,121,0,36,2009,0,11,2,0
329,329,0,3,2290,120,0,37,2014,0,12,2,0
330,330,0,0,2100,119,0,1,2010,2,2,2,0
331,331,0,0,6190,105,0,23,1900,2,1,2,0
332,332,0,0,1390,106,0,1,2013,0,8,2,0
333,333,0,0,1930,107,0,1,2009,0,9,2,0
334,334,0,3,2190,108,0,1,2003,2,9,2,0
335,335,0,0,3300,109,0,1,2010,2,11,2,0
336,336,0,0,46590,110,0,1,2013,2,4,2,0
337,337,0,2,4840,70,0,1,1900,2,1,2,0
338,338,0,3,7890,111,0,37,1900,2,1,2,0
339,339,0,3,20930,113,0,1,1999,2,11,2,0
340,340,0,2,4510,114,0,48,1900,0,1,2,0
341,341,0,3,5740,115,0,40,2007,2,4,2,0
342,342,0,0,680,116,0,1,2013,0,4,2,0
343,343,0,0,3450,117,0,1,2011,0,9,2,0
344,344,0,3,3580,118,0,1,2012,2,9,2,0
345,345,0,0,1630,112,0,1,2009,0,9,2,0
346,346,0,2,1130,69,0,40,1900,2,1,2,0
347,347,0,0,250,68,0,35,1900,2,1,2,0
348,348,0,0,410,67,0,1,2006,2,2,2,0
349,349,0,3,9800,31,0,1,2012,2,7,2,0
350,350,0,0,40,30,0,10,2014,0,2,2,0
351,351,0,3,2170,29,0,1,1900,2,1,2,0
352,352,0,0,1200,28,0,6,2014,0,10,2,0
353,353,0,0,60,27,0,5,2005,0,1,2,0
354,354,0,3,2300,26,0,1,1900,0,1,2,0
355,355,0,2,430,25,0,1,2003,0,4,2,0
356,356,0,0,4590,24,0,40,2000,2,3,2,0
357,357,0,3,4060,23,0,1,2005,0,8,2,0
358,358,0,0,1040,22,0,22,1900,0,1,2,0
359,359,0,2,550,21,0,45,1999,2,10,2,0
360,360,0,3,2340,20,0,40,2009,0,5,2,0
361,361,0,0,3240,19,0,22,1900,2,1,2,0
362,362,0,3,13840,18,0,14,2010,2,6,2,0
363,363,0,0,50,17,0,26,2005,0,12,2,0
364,364,0,0,3270,16,0,1,1900,2,1,2,0
365,365,0,3,4110,15,0,14,2010,2,3,2,0
366,366,0,2,1270,1,0,1,2008,0,9,2,0
367,367,0,0,570,2,0,13,2007,0,11,2,0
368,368,0,0,14130,3,0,14,2006,0,12,2,0
369,369,0,2,620,4,0,1,2009,2,9,2,0
370,370,0,0,29910,5,0,1,2015,0,4,2,0
371,371,0,0,310,6,0,1,2013,0,12,2,0
372,372,0,0,2910,32,0,45,1900,0,1,2,0
373,373,0,0,24000,7,0,1,2013,2,4,2,0
374,374,0,0,2030,9,0,1,2000,2,8,2,0
375,375,0,0,3160,10,0,1,2009,0,9,2,0
376,376,0,0,960,11,0,1,2011,2,11,2,0
377,377,0,0,1070,12,0,13,1900,2,1,2,0
378,378,0,3,310,13,0,45,1900,0,1,2,0
379,379,0,0,1300,14,0,40,2014,0,3,2,0
380,380,0,0,7520,8,0,1,2014,0,10,2,0
381,381,0,0,2200,136,0,22,2010,2,12,2,0
382,382,0,0,1320,33,0,1,2013,2,5,2,0
383,383,0,3,7660,35,0,1,2000,2,10,2,0
384,384,0,3,7660,66,0,37,1900,0,1,2,0
385,385,0,0,13840,65,0,1,2010,2,5,2,0
386,386,0,3,22560,64,0,14,1900,2,1,2,0
387,387,0,2,3700,63,0,18,2010,2,6,2,0
388,388,0,0,2050,62,0,1,1900,0,1,2,0
389,389,0,0,350,61,0,1,2007,2,12,2,0
390,390,0,3,5540,60,0,1,2009,2,10,2,0
391,391,0,0,2840,59,0,14,2007,2,6,2,0
392,392,0,0,7340,58,0,27,2008,2,5,2,0
393,393,0,3,420,57,0,1,2014,2,6,2,0
394,394,0,3,6620,56,0,10,2012,2,3,2,0
395,395,0,0,720,55,0,1,2004,0,11,2,0
396,396,0,3,7170,54,0,5,2014,2,8,2,0
397,397,0,0,30360,53,0,1,2013,2,9,2,0
398,398,0,3,450,52,0,39,2014,2,4,2,0
399,399,0,0,10570,51,0,9,2013,2,7,2,0
400,400,0,3,6260,50,0,1,2009,0,11,2,0
401,401,0,0,540,36,0,40,2003,2,6,2,0
402,402,0,2,4230,37,0,1,2014,0,12,2,0
403,403,0,3,1090,38,0,1,2007,0,4,2,0
404,404,0,0,260,39,0,31,2006,0,10,2,0
405,405,0,0,180,40,0,45,1900,0,1,2,0
406,406,0,3,1180,41,0,31,1900,2,1,2,0
407,407,0,2,2240,34,0,1,2009,0,9,2,0
408,408,0,0,290,42,0,40,1900,2,1,2,0
409,409,0,0,540,44,0,1,2011,0,6,2,0
410,410,0,3,9710,45,0,1,2014,0,2,2,0
411,411,0,2,1200,46,0,14,2005,0,9,2,0
412,412,0,0,270,47,0,14,2013,2,4,2,0
413,413,0,0,1060,48,0,1,2012,0,5,2,0
414,414,0,3,18010,49,0,1,2007,2,9,2,0
415,415,0,3,4880,43,0,37,1900,0,1,2,0
416,416,0,0,1730,137,0,40,2015,0,7,2,0
417,417,0,0,25360,138,0,1,2014,2,10,2,0
418,418,0,0,1700,139,0,14,2008,0,1,2,0
419,419,0,0,1110,240,0,1,2009,0,5,2,0
420,420,0,3,610,239,0,1,1900,2,1,2,0
421,421,0,0,320,238,0,45,1900,0,1,2,0
422,422,0,0,1420,237,0,1,2007,0,11,2,0
423,423,0,0,1000,236,0,1,2007,0,11,2,0
424,424,0,0,5710,235,0,37,2012,0,3,2,0
425,425,0,3,4370,234,0,1,1900,0,1,2,0
426,426,0,0,1890,233,0,1,1900,0,1,2,0
427,427,0,2,13570,232,0,10,2010,2,5,2,0
428,428,0,3,3840,231,0,39,2008,2,10,2,0
429,429,0,3,6680,230,0,1,2013,2,9,2,0
430,430,0,3,17410,229,0,14,2007,2,4,2,0
431,431,0,3,10800,228,0,18,1900,2,1,2,0
432,432,0,0,2370,227,0,1,1900,0,1,2,0
433,433,0,0,450,226,0,1,1900,0,1,2,0
434,434,0,3,10180,225,0,1,2015,0,5,2,0
435,435,0,3,7930,224,0,1,1900,2,1,2,0
436,436,0,3,970,210,0,5,1999,0,11,2,0
437,437,0,0,350,211,0,1,2006,2,11,2,0
438,438,0,0,15050,212,0,1,2008,2,9,2,0
439,439,0,3,4030,213,0,1,2014,2,3,2,0
440,440,0,3,8650,214,0,10,2013,0,7,2,0
441,441,0,3,150,215,0,45,1900,0,1,2,0
442,442,0,3,780,241,0,1,1900,2,1,2,0
443,443,0,2,190,216,0,45,1900,0,1,2,0
444,444,0,0,640,218,0,9,1900,2,1,2,0
445,445,0,0,1640,219,0,1,2013,0,2,2,0
446,446,0,0,1000,220,0,1,2008,0,9,2,0
447,447,0,3,13530,221,0,1,2013,2,9,2,0
448,448,0,0,2170,222,0,1,2008,0,11,2,0
449,449,0,3,2920,223,0,27,1995,2,10,2,0
450,450,0,2,3150,217,0,1,1900,0,1,2,0
451,451,0,0,11680,209,0,31,2011,2,9,2,0
452,452,0,3,6880,242,0,14,2001,0,9,2,0
453,453,0,3,710,244,0,1,2012,0,3,2,0
454,454,0,3,300,275,0,40,2014,0,5,2,0
455,455,729,1,3640,274,0,10,1900,1,1,2,3102
456,456,0,0,8480,273,0,1,1900,2,1,2,0
457,457,0,0,16180,272,0,14,2003,0,7,2,0
458,458,0,0,420,271,0,14,1900,0,1,2,0
459,459,0,0,1450,270,0,1,2014,0,7,2,0
460,460,0,0,60,269,0,1,2015,2,6,2,0
461,461,0,0,4520,268,0,1,2014,0,2,2,0
462,462,0,2,2460,267,0,1,2012,0,1,2,0
463,463,0,0,360,266,0,9,2014,2,3,2,0
464,464,0,0,4580,265,0,14,1900,0,1,2,0
465,465,0,0,180,264,0,1,2014,0,3,2,0
466,466,0,0,1140,263,0,40,2013,2,5,2,0
467,467,2875,1,1180,262,0,1,2013,0,5,2,17267
468,468,0,3,15340,261,0,39,2015,2,4,2,0
469,469,0,0,540,260,0,1,2011,0,10,2,0
470,470,1444,1,210,259,0,1,1900,1,1,2,6851
471,471,0,0,1310,245,0,1,1900,2,1,2,0
472,472,0,2,4660,246,0,1,2013,0,4,2,0
473,473,0,3,70,247,0,5,2010,2,11,2,0
474,474,0,0,340,248,0,40,2012,2,9,2,0
475,475,0,3,18010,249,0,1,2014,2,9,2,0
476,476,0,3,3520,250,0,18,1900,0,1,2,0
477,477,0,0,310,243,0,5,1900,0,1,2,0
478,478,0,0,340,251,0,1,1900,2,1,2,0
479,479,0,0,250,253,0,5,1900,2,1,2,0
480,480,0,3,330,254,0,1,2008,0,3,2,0
481,481,0,2,4630,255,0,35,2011,2,3,2,0
482,482,0,0,80,256,0,10,2005,2,9,2,0
483,483,0,0,420,257,0,1,2012,0,12,2,0
484,484,0,0,27190,258,0,37,2010,0,7,2,0
485,485,0,3,22330,252,0,5,1900,2,1,2,0
486,486,0,3,7840,277,0,31,1900,2,1,2,0
487,487,0,2,300,208,0,1,2006,0,4,2,0
488,488,0,0,380,206,0,14,1900,2,1,2,0
489,489,0,0,1070,170,0,14,2015,0,5,2,0
490,490,0,3,980,169,0,18,2014,0,7,2,0
491,491,0,0,12540,168,0,1,1900,0,1,2,0
492,492,0,0,140,167,0,1,2008,0,4,2,0
493,493,0,0,100,166,0,31,2014,2,4,2,0
494,494,0,0,3720,165,0,13,2005,0,4,2,0
495,495,0,0,1160,164,0,13,2005,0,9,2,0
496,496,0,0,1480,163,0,1,2009,0,4,2,0
497,497,0,3,5340,162,0,13,2012,2,3,2,0
498,498,0,0,2970,161,0,1,2005,2,3,2,0
499,499,0,3,17110,160,0,1,2005,2,11,2,0
500,500,0,3,8530,159,0,1,2013,0,3,2,0
501,501,0,3,11840,158,0,31,1900,2,1,2,0
502,502,0,0,2950,157,0,1,2004,2,10,2,0
503,503,0,0,2020,156,0,14,2011,0,2,2,0
504,504,0,3,3050,155,0,35,1900,0,1,2,0
505,505,0,3,16420,154,0,1,1900,2,1,2,0
506,506,0,0,1090,140,0,1,2010,2,7,2,0
507,507,0,2,1540,141,0,22,1900,2,1,2,0
508,508,0,0,1090,142,0,1,2002,0,7,2,0
509,509,0,3,2930,143,0,1,2002,0,12,2,0
510,510,0,0,16570,144,0,1,1900,2,1,2,0
511,511,0,0,280,145,0,45,1900,0,1,2,0
512,512,0,0,2640,171,0,1,1900,0,1,2,0
513,513,0,3,8050,146,0,48,1961,2,10,2,0
514,514,0,0,2090,148,0,1,2008,0,12,2,0
515,515,0,3,2610,149,0,14,2006,0,7,2,0
516,516,0,2,31830,150,0,1,2010,2,3,2,0
517,517,0,3,4360,151,0,1,2005,2,10,2,0
518,518,0,0,1780,152,0,1,1900,0,1,2,0
519,519,0,0,16240,153,0,18,2000,0,10,2,0
520,520,0,3,8540,147,0,1,1900,2,1,2,0
521,521,0,0,6870,207,0,1,1900,0,1,2,0
522,522,0,0,110,172,0,40,1900,0,1,2,0
523,523,0,0,13090,174,0,22,1900,0,1,2,0
524,524,0,0,110,205,0,1,2007,0,12,2,0
525,525,0,0,5630,204,0,40,2002,0,12,2,0
526,526,0,2,490,203,0,1,2002,2,11,2,0
527,527,0,3,5140,202,0,1,2010,2,5,2,0
528,528,0,3,20260,201,0,18,1900,0,1,2,0
529,529,0,0,1650,200,0,1,2000,0,10,2,0
530,530,0,3,6360,199,0,14,2010,2,12,2,0
531,531,0,0,290,198,0,13,2002,0,9,2,0
532,532,0,2,4210,197,0,1,2015,0,3,2,0
533,533,0,2,3850,196,0,14,2005,0,11,2,0
534,534,0,0,220,195,0,1,1900,2,1,2,0
535,535,0,3,16970,194,0,5,1900,2,1,2,0
536,536,0,0,520,193,0,1,1900,0,1,2,0
537,537,0,3,2770,192,0,40,2008,2,3,2,0
538,538,0,0,1100,191,0,40,2013,0,8,2,0
539,539,0,0,1470,190,0,40,2006,0,12,2,0
540,540,0,3,5760,189,0,1,2014,0,7,2,0
541,541,0,2,4130,175,0,1,1900,0,1,2,0
542,542,0,0,3770,176,0,1,1900,0,1,2,0
543,543,0,0,1250,177,0,5,2004,0,2,2,0
544,544,0,3,1710,178,0,1,1900,0,1,2,0
545,545,0,0,480,179,0,1,1900,2,1,2,0
546,546,0,3,5800,180,0,1,2010,0,9,2,0
547,547,0,0,350,173,0,1,2012,0,12,2,0
548,548,0,0,12610,181,0,14,2013,0,3,2,0
549,549,0,0,9670,183,0,1,1900,0,1,2,0
550,550,0,3,3560,184,0,1,1900,2,1,2,0
551,551,0,3,1860,185,0,1,2015,2,5,2,0
552,552,0,0,290,186,0,40,2011,0,10,2,0
553,553,0,0,19360,187,0,1,1900,2,1,2,0
554,554,0,3,850,188,0,18,1900,0,1,2,0
555,555,0,3,1390,182,0,9,1900,2,1,2,0
556,556,0,3,1140,556,0,1,2014,2,11,2,0
557,557,0,0,870,1114,0,1,1900,2,1,2,0
558,558,0,0,3000,558,0,1,2010,0,2,2,0
559,559,0,3,2810,937,0,10,1900,0,1,2,0
560,560,0,0,580,936,0,1,2008,0,2,2,0
561,561,0,0,22350,935,0,1,2010,2,6,2,0
562,562,0,0,5460,934,0,14,1900,2,1,2,0
563,563,0,0,6270,933,0,1,2005,2,2,2,0
564,564,0,0,15700,932,0,13,1900,0,1,2,0
565,565,0,0,1480,931,0,1,2011,2,9,2,0
566,566,0,0,70,930,0,1,1900,0,1,2,0
567,567,0,0,4820,929,0,1,2013,2,9,2,0
568,568,0,3,1090,928,0,31,1900,2,1,2,0
569,569,0,0,480,927,0,1,1900,0,1,2,0
570,570,0,3,5150,926,0,13,2011,2,3,2,0
571,571,0,2,470,925,0,1,2007,0,3,2,0
572,572,0,0,6420,924,0,1,2011,0,4,2,0
573,573,0,0,2820,938,0,1,2009,0,9,2,0
574,574,0,0,280,923,0,1,2008,0,9,2,0
575,575,0,0,840,921,0,1,2006,0,9,2,0
576,576,0,0,850,920,0,40,2012,0,2,2,0
577,577,0,0,2620,919,0,45,1900,0,1,2,0
578,578,0,0,18710,918,0,1,2015,2,4,2,0
579,579,0,0,7240,917,0,1,2010,0,2,2,0
580,580,0,0,90,916,0,1,2012,0,11,2,0
581,581,0,3,650,915,0,40,2013,2,3,2,0
582,582,0,2,2640,914,0,22,2011,2,4,2,0
583,583,0,0,280,913,0,1,1900,0,1,2,0
584,584,0,2,3100,912,0,1,2010,2,5,2,0
585,585,0,0,16490,911,0,1,1900,2,1,2,0
586,586,0,3,12480,910,0,1,1900,2,1,2,0
587,587,0,0,1680,909,0,45,1900,2,1,2,0
588,588,0,0,1980,908,0,37,2010,0,7,2,0
589,589,0,3,2110,922,0,1,2006,0,3,2,0
590,590,0,3,1340,939,0,1,1900,0,1,2,0
591,591,0,3,6470,940,0,1,2012,2,9,2,0
592,592,0,0,1200,941,0,31,2011,0,12,2,0
593,593,0,0,14960,972,0,1,1900,0,1,2,0
594,594,0,2,1140,971,0,14,2011,0,5,2,0
595,595,0,0,910,970,0,37,2014,0,12,2,0
596,596,0,0,600,969,0,10,1999,2,11,2,0
597,597,0,2,1190,968,0,1,1900,0,1,2,0
598,598,0,0,3560,967,0,36,2013,2,9,2,0
599,599,0,0,760,966,0,1,2008,0,2,2,0
600,600,0,0,110,965,0,1,1900,2,1,2,0
601,601,0,0,270,964,0,5,1900,0,1,2,0
602,602,0,0,23620,963,0,1,2013,2,11,2,0
603,603,0,2,260,962,0,1,1900,0,1,2,0
604,604,0,3,9430,961,0,1,1900,2,1,2,0
605,605,0,3,8990,960,0,31,1900,0,1,2,0
606,606,0,0,1060,959,0,1,2005,2,12,2,0
607,607,0,0,440,958,0,1,2013,0,11,2,0
608,608,0,3,1420,957,0,1,2012,2,11,2,0
609,609,0,0,2330,956,0,18,2014,0,10,2,0
610,610,0,3,6860,942,0,18,1900,2,1,2,0
611,611,0,3,18020,943,0,1,1900,2,1,2,0
612,612,0,2,1670,944,0,1,2015,0,7,2,0
613,613,0,0,12480,945,0,1,2011,2,3,2,0
614,614,0,0,2220,946,0,14,2011,0,12,2,0
615,615,0,0,460,947,0,13,2014,0,3,2,0
616,616,0,0,250,907,0,1,1900,2,1,2,0
617,617,1039,1,1430,948,0,1,1900,1,1,2,4491
618,618,0,0,8460,950,0,1,1994,0,11,2,0
619,619,0,3,710,951,0,40,1900,2,1,2,0
620,620,0,3,6300,952,0,1,2013,2,10,2,0
621,621,0,0,19830,953,0,22,2006,0,4,2,0
622,622,0,0,390,954,0,10,2013,0,2,2,0
623,623,0,3,1690,955,0,36,2009,2,7,2,0
624,624,0,0,870,949,0,1,2006,0,3,2,0
625,625,0,0,90,906,0,1,2010,0,7,2,0
626,626,0,0,90,905,0,1,2014,0,6,2,0
627,627,0,3,570,904,0,14,2013,2,7,2,0
628,628,0,3,1360,868,0,10,2005,2,8,2,0
629,629,0,3,21810,867,0,1,2012,2,9,2,0
630,630,0,3,9680,866,0,5,1900,0,1,2,0
631,631,0,3,2640,865,0,1,1900,2,1,2,0
632,632,0,0,1020,864,0,45,2012,0,10,2,0
633,633,0,0,21370,863,0,1,2010,2,11,2,0
634,634,0,0,2840,862,0,14,2010,2,3,2,0
635,635,0,2,740,861,0,14,1900,2,1,2,0
636,636,0,2,5980,860,0,1,2010,2,2,2,0
637,637,0,2,21770,859,0,1,2015,0,7,2,0
638,638,0,0,3370,858,0,40,2008,0,12,2,0
639,639,0,2,6270,857,0,23,2005,0,8,2,0
640,640,0,0,3020,856,0,1,2010,0,2,2,0
641,641,0,0,3440,855,0,45,1900,0,1,2,0
642,642,0,2,4770,854,0,13,1900,0,1,2,0
643,643,0,0,14040,853,0,1,1900,0,1,2,0
644,644,0,2,940,852,0,14,2004,0,4,2,0
645,645,0,3,6890,838,0,48,1900,2,1,2,0
646,646,0,2,240,839,0,1,2015,0,1,2,0
647,647,0,0,1070,840,0,1,2009,0,9,2,0
648,648,0,0,27650,841,0,1,2004,0,8,2,0
649,649,0,3,1200,842,0,1,2007,2,11,2,0
650,650,0,2,60,843,0,1,2006,0,4,2,0
651,651,0,2,230,869,0,14,2001,0,10,2,0
652,652,0,0,2030,844,0,18,2012,0,9,2,0
653,653,0,0,8860,846,0,37,2004,2,4,2,0
654,654,0,2,190,847,0,31,1900,2,1,2,0
655,655,0,0,370,848,0,14,2007,2,7,2,0
656,656,0,2,5000,849,0,1,1900,2,1,2,0
657,657,0,3,1120,850,0,31,2007,0,5,2,0
658,658,0,3,2330,851,0,49,1900,2,1,2,0
659,659,0,3,7860,845,0,14,2005,0,11,2,0
660,660,0,3,330,973,0,28,1900,2,1,2,0
661,661,0,0,780,870,0,1,2009,0,4,2,0
662,662,0,0,3860,872,0,23,2014,2,9,2,0
663,663,0,3,7290,903,0,1,2014,2,9,2,0
664,664,0,0,310,902,0,40,2015,0,5,2,0
665,665,0,0,3170,901,0,1,2014,2,4,2,0
666,666,0,0,3920,900,0,40,2005,0,4,2,0
667,667,0,3,2590,899,0,13,1900,0,1,2,0
668,668,0,0,18540,898,0,1,1900,0,1,2,0
669,669,0,2,3290,897,0,5,2007,2,1,2,0
670,670,0,0,170,896,0,1,2012,2,9,2,0
671,671,0,0,4150,895,0,1,1900,2,1,2,0
672,672,0,0,190,894,0,1,2012,0,11,2,0
673,673,0,0,130,893,0,1,1900,0,1,2,0
674,674,0,0,19370,892,0,1,2002,0,4,2,0
675,675,0,0,350,891,0,31,1900,2,1,2,0
676,676,0,0,4450,890,0,14,1900,0,1,2,0
677,677,0,3,18670,889,0,1,2005,0,12,2,0
678,678,0,3,4450,888,0,35,2012,0,6,2,0
679,679,0,3,19700,887,0,37,1900,0,1,2,0
680,680,0,0,2040,873,0,1,2008,0,11,2,0
681,681,0,0,3210,874,0,1,1900,0,1,2,0
682,682,0,3,5070,875,0,18,2007,0,11,2,0
683,683,0,0,21790,876,0,18,2005,0,4,2,0
684,684,0,0,29190,877,0,1,1900,2,1,2,0
685,685,0,3,1100,878,0,1,2014,2,12,2,0
686,686,0,3,10620,871,0,1,1900,2,1,2,0
687,687,0,3,0,879,0,5,1900,0,1,2,0
688,688,0,0,180,881,0,31,2008,0,3,2,0
689,689,0,0,30,882,0,1,2013,0,4,2,0
690,690,0,0,3200,883,0,1,2005,0,6,2,0
691,691,0,3,7550,884,0,1,1900,2,1,2,0
692,692,0,0,480,885,0,1,2005,0,12,2,0
693,693,0,0,12430,886,0,1,2004,2,10,2,0
694,694,0,0,4570,880,0,1,1900,2,1,2,0
695,695,0,0,150,974,0,40,2011,0,3,2,0
696,696,0,0,9630,975,0,14,1900,2,1,2,0
697,697,0,0,4180,976,0,1,1900,0,1,2,0
698,698,0,3,670,1078,0,40,1900,2,1,2,0
699,699,0,0,3750,1077,0,35,2001,0,11,2,0
700,700,0,0,90,1076,0,1,1900,2,1,2,0
701,701,0,0,1410,1075,0,1,2013,2,10,2,0
702,702,0,2,3330,1074,0,14,2001,2,10,2,0
703,703,0,0,1710,1073,0,44,1900,2,1,2,0
704,704,0,0,5380,1072,0,5,2015,2,8,2,0
705,705,0,0,820,1071,0,35,2012,0,3,2,0
706,706,0,2,400,1070,0,1,2008,2,10,2,0
707,707,0,0,18050,1069,0,14,1900,2,1,2,0
708,708,0,3,5010,1068,0,5,1900,2,1,2,0
709,709,0,3,12020,1067,0,1,2009,2,7,2,0
710,710,0,0,3350,1066,0,1,1900,0,1,2,0
711,711,0,0,1290,1065,0,35,1900,0,1,2,0
712,712,0,0,420,1064,0,1,1900,2,1,2,0
713,713,0,0,6250,1063,0,1,1900,2,1,2,0
714,714,0,3,190,1062,0,40,2012,0,9,2,0
715,715,0,3,1860,1048,0,40,2012,2,9,2,0
716,716,0,0,370,1049,0,14,2012,0,7,2,0
717,717,0,3,13170,1050,0,9,2014,2,8,2,0
718,718,0,2,200,1051,0,1,1998,0,7,2,0
719,719,0,0,5080,1052,0,31,1900,2,1,2,0
720,720,0,0,1710,1053,0,1,2015,0,7,2,0
721,721,0,0,16680,1079,0,37,1900,0,1,2,0
722,722,0,0,13190,1054,0,45,1900,2,1,2,0
723,723,0,3,5350,1056,0,40,1900,2,1,2,0
724,724,0,3,3230,1057,0,1,2011,2,11,2,0
725,725,0,0,180,1058,0,35,1900,2,1,2,0
726,726,0,2,3380,1059,0,1,2013,0,4,2,0
727,727,0,0,3430,1060,0,31,1900,2,1,2,0
728,728,0,3,8110,1061,0,1,1900,2,1,2,0
729,729,0,2,1980,1055,0,1,2009,0,4,2,0
730,730,0,0,3750,1047,0,45,1900,0,1,2,0
731,731,0,0,2410,1080,0,40,1900,0,1,2,0
732,732,0,2,440,1082,0,1,2002,0,4,2,0
733,733,0,0,9260,1113,0,1,1900,2,1,2,0
734,734,0,2,1880,1112,0,1,2006,2,4,2,0
735,735,0,0,1900,1111,0,31,2014,0,6,2,0
736,736,0,2,900,1110,0,1,2010,2,9,2,0
737,737,0,2,3490,1109,0,22,2011,0,4,2,0
738,738,0,0,540,1108,0,1,2004,0,4,2,0
739,739,0,0,1400,1107,0,13,2012,0,6,2,0
740,740,0,0,5330,1106,0,31,2011,2,9,2,0
741,741,0,2,330,1105,0,5,2008,2,11,2,0
742,742,0,3,260,1104,0,14,2012,0,2,2,0
743,743,0,3,1340,1103,0,5,2006,2,10,2,0
744,744,0,0,850,1102,0,40,2012,0,11,2,0
745,745,0,3,4060,1101,0,1,2012,2,9,2,0
746,746,0,0,540,1100,0,14,1900,0,1,2,0
747,747,0,0,200,1099,0,14,2013,2,4,2,0
748,748,0,0,1830,1098,0,1,2004,0,11,2,0
749,749,1405,1,720,1097,0,1,2002,1,3,2,5961
750,750,0,3,11540,1083,0,5,1900,2,1,2,0
751,751,0,0,190,1084,0,13,1900,0,1,2,0
752,752,0,2,4030,1085,0,1,2015,0,2,2,0
753,753,0,0,180,1086,0,18,2013,0,11,2,0
754,754,0,3,2210,1087,0,1,2011,2,11,2,0
755,755,0,0,4300,1088,0,27,2009,0,3,2,0
756,756,0,1,400,1081,0,1,2006,0,3,2,0
757,757,0,3,5220,1089,0,1,2009,0,5,2,0
758,758,0,0,9990,1091,0,1,1900,2,1,2,0
759,759,0,0,300,1092,0,40,2000,0,7,2,0
760,760,0,2,10450,1093,0,1,2009,2,6,2,0
761,761,0,3,2380,1094,0,40,2013,0,3,2,0
762,762,0,0,690,1095,0,14,2007,0,6,2,0
763,763,0,0,1130,1096,0,10,1900,2,1,2,0
764,764,0,0,330,1090,0,14,1900,0,1,2,0
765,765,0,0,14600,837,0,1,2015,2,4,2,0
766,766,0,3,29070,1046,0,1,2005,2,4,2,0
767,767,0,2,240,1044,0,13,2015,0,4,2,0
768,768,0,0,30,1008,0,1,2010,2,9,2,0
769,769,0,2,4180,1007,0,1,2012,2,9,2,0
770,770,0,2,3890,1006,0,5,2006,2,11,2,0
771,771,0,0,6480,1005,0,1,1900,0,1,2,0
772,772,0,3,970,1004,0,9,1900,2,1,2,0
773,773,0,0,170,1003,0,27,2013,0,7,2,0
774,774,0,3,1130,1002,0,1,2008,2,11,2,0
775,775,0,2,19640,1001,0,14,1900,0,1,2,0
776,776,0,0,2230,1000,0,40,2009,2,5,2,0
777,777,0,3,15140,999,0,37,2002,2,2,2,0
778,778,0,0,780,998,0,5,2005,0,9,2,0
779,779,0,3,5840,997,0,37,2010,2,7,2,0
780,780,0,2,2870,996,0,13,2015,0,7,2,0
781,781,0,3,6560,995,0,1,2013,0,12,2,0
782,782,0,0,2290,994,0,1,2011,0,7,2,0
783,783,0,3,3460,993,0,10,2013,2,10,2,0
784,784,0,0,2480,992,0,1,1990,0,7,2,0
785,785,0,0,520,977,0,13,2005,0,9,2,0
786,786,0,2,3890,978,0,1,1900,2,1,2,0
787,787,0,0,2270,979,0,14,2005,2,11,2,0
788,788,0,0,4420,980,0,1,2005,0,9,2,0
789,789,0,3,2620,981,0,1,2002,2,11,2,0
790,790,0,3,21930,982,0,1,1900,0,1,2,0
791,791,0,0,230,1009,0,10,2004,0,7,2,0
792,792,0,0,40,983,0,1,2014,0,3,2,0
793,793,0,2,490,985,0,13,2007,2,5,2,0
794,794,0,0,620,986,0,18,2014,0,10,2,0
795,795,0,2,1690,987,0,1,2007,0,6,2,0
796,796,0,0,1640,989,0,40,2006,0,6,2,0
797,797,0,3,20930,990,0,1,1900,0,1,2,0
798,798,0,0,1010,991,0,1,1900,0,1,2,0
799,799,0,2,440,984,0,1,1900,0,1,2,0
800,800,0,0,26990,1045,0,1,2013,2,12,2,0
801,801,0,3,4610,1010,0,18,2010,2,6,2,0
802,802,0,3,6330,1012,0,39,2004,2,6,2,0
803,803,0,2,420,1043,0,1,2006,0,3,2,0
804,804,0,0,3440,1042,0,31,1900,0,1,2,0
805,805,0,2,1600,1041,0,40,2013,0,8,2,0
806,806,0,0,4030,1040,0,10,2013,0,2,2,0
807,807,0,0,70,1039,0,22,1990,2,6,2,0
808,808,0,3,17290,1038,0,1,2013,0,10,2,0
809,809,0,0,150,1037,0,1,1900,2,1,2,0
810,810,0,3,9560,1036,0,36,1900,2,1,2,0
811,811,0,0,27150,1035,0,1,1900,0,1,2,0
812,812,0,0,13750,1034,0,1,2015,0,4,2,0
813,813,0,0,7680,1033,0,1,2006,0,3,2,0
814,814,0,3,270,1032,0,40,2013,2,2,2,0
815,815,0,3,590,1031,0,1,2001,0,5,2,0
816,816,0,0,36410,1030,0,1,2008,0,4,2,0
817,817,0,0,1590,1029,0,1,2006,0,3,2,0
818,818,0,0,150,1028,0,31,1900,0,1,2,0
819,819,0,0,190,1027,0,40,2008,2,6,2,0
820,820,0,0,630,1013,0,31,2015,0,2,2,0
821,821,0,0,210,1014,0,31,1900,2,1,2,0
822,822,0,3,9910,1015,0,9,2010,2,12,2,0
823,823,0,2,550,1016,0,35,1900,2,1,2,0
824,824,0,2,110,1017,0,1,2008,0,11,2,0
825,825,0,2,140,1018,0,1,2012,2,9,2,0
826,826,0,0,490,1011,0,18,2012,2,9,2,0
827,827,0,3,2740,1019,0,13,2014,2,7,2,0
828,828,0,0,1080,1021,0,1,2011,0,5,2,0
829,829,0,0,1520,1022,0,1,1900,2,1,2,0
830,830,0,2,3740,1023,0,14,2002,0,2,2,0
831,831,0,2,1990,1024,0,1,2012,2,1,2,0
832,832,0,0,720,1025,0,1,2009,0,11,2,0
833,833,0,2,450,1026,0,48,2011,0,6,2,0
834,834,0,0,40,1020,0,1,2015,0,8,2,0
835,835,0,0,2720,836,0,1,2012,0,9,2,0
836,836,0,0,250,557,0,1,1900,0,1,2,0
837,837,0,0,3470,834,0,1,2012,0,3,2,0
838,838,0,3,520,658,0,37,1900,2,1,2,0
839,839,0,2,80,657,0,10,2006,2,1,2,0
840,840,0,3,410,656,0,13,2009,0,4,2,0
841,841,0,3,960,655,0,5,2012,2,11,2,0
842,842,0,2,6930,654,0,1,2006,0,9,2,0
843,843,0,3,7520,653,0,45,2014,2,7,2,0
844,844,0,0,20390,652,0,1,1900,0,1,2,0
845,845,0,0,200,651,0,1,1900,0,1,2,0
846,846,0,0,1420,650,0,40,2012,0,10,2,0
847,847,0,0,14570,649,0,1,2002,0,11,2,0
848,848,0,3,2130,648,0,1,2008,0,12,2,0
849,849,0,0,7420,647,0,1,2013,2,4,2,0
850,850,0,0,620,646,0,1,2014,0,9,2,0
851,851,0,0,90,645,0,45,1900,0,1,2,0
852,852,0,3,1590,659,0,1,2012,0,3,2,0
853,853,0,2,4030,644,0,14,2004,0,12,2,0
854,854,0,2,530,642,0,35,2005,2,4,2,0
855,855,0,0,610,641,0,36,2003,2,12,2,0
856,856,0,3,8040,640,0,1,1900,2,1,2,0
857,857,0,0,7780,639,0,1,2006,0,11,2,0
858,858,0,3,10170,638,0,1,2001,0,11,2,0
859,859,0,3,9790,637,0,31,1900,2,1,2,0
860,860,0,2,720,636,0,13,2004,0,10,2,0
861,861,0,0,27530,635,0,1,2014,0,4,2,0
862,862,0,3,18610,634,0,1,1900,0,1,2,0
863,863,0,3,11640,633,0,22,2005,0,4,2,0
864,864,0,0,3350,632,0,1,2010,0,2,2,0
865,865,0,3,2870,631,0,35,1900,2,1,2,0
866,866,0,0,1690,630,0,1,2015,0,4,2,0
867,867,0,3,510,629,0,23,2014,0,7,2,0
868,868,0,0,230,643,0,18,2010,0,6,2,0
869,869,0,0,1200,660,0,40,2006,0,11,2,0
870,870,0,3,2140,661,0,1,2013,2,7,2,0
871,871,0,3,1070,662,0,1,1900,0,1,2,0
872,872,0,3,450,693,0,40,1900,0,1,2,0
873,873,0,0,40,692,0,1,2001,0,8,2,0
874,874,0,3,3030,691,0,37,1900,2,1,2,0
875,875,0,0,100,690,0,1,1900,0,1,2,0
876,876,0,3,15040,689,0,1,2004,0,10,2,0
877,877,0,0,18760,688,0,14,2015,0,8,2,0
878,878,0,3,2770,687,0,1,1900,2,1,2,0
879,879,0,0,20050,686,0,1,2002,0,4,2,0
880,880,0,0,650,685,0,37,2013,0,11,2,0
881,881,0,3,680,684,0,22,1900,2,1,2,0
882,882,0,0,2850,683,0,1,2014,0,7,2,0
883,883,566,1,150,682,0,1,2006,0,9,2,3375
884,884,0,0,620,681,0,1,1900,2,1,2,0
885,885,0,2,170,680,0,35,1900,0,1,2,0
886,886,0,0,4140,679,0,1,2012,0,9,2,0
887,887,0,2,3250,678,0,40,1900,0,1,2,0
888,888,0,3,1740,677,0,45,2014,0,6,2,0
889,889,0,0,7860,663,0,1,2005,2,5,2,0
890,890,0,3,1680,664,0,1,2005,2,10,2,0
891,891,0,0,90,665,0,14,2012,0,12,2,0
892,892,0,2,2700,666,0,9,1900,2,1,2,0
893,893,0,3,2870,667,0,1,2012,2,9,2,0
894,894,0,2,1270,668,0,1,2010,0,9,2,0
895,895,0,2,3970,627,0,1,2010,2,3,2,0
896,896,0,3,17080,669,0,31,2012,0,7,2,0
897,897,0,0,2070,671,0,39,2008,2,2,2,0
898,898,0,2,240,672,0,1,2002,0,9,2,0
899,899,0,3,15170,673,0,5,1900,2,1,2,0
900,900,0,0,2640,674,0,31,2005,0,12,2,0
901,901,0,0,2100,675,0,14,2013,0,8,2,0
902,902,777,1,1410,676,0,1,2008,1,9,2,3821
903,903,0,0,2060,670,0,45,1900,0,1,2,0
904,904,0,2,10740,626,0,1,2013,2,11,2,0
905,905,0,0,1170,625,0,22,2011,0,4,2,0
906,906,0,0,6920,624,0,1,2011,2,9,2,0
907,907,0,3,15720,588,0,1,2010,2,3,2,0
908,908,0,3,330,587,0,14,2006,2,9,2,0
909,909,0,0,250,586,0,1,2008,2,10,2,0
910,910,0,3,440,585,0,1,2014,2,4,2,0
911,911,0,3,1360,584,0,35,1900,0,1,2,0
912,912,0,0,2640,583,0,1,2002,0,11,2,0
913,913,0,0,120,582,0,1,1900,0,1,2,0
914,914,0,0,7250,581,0,1,2013,0,12,2,0
915,915,0,0,170,580,0,1,2009,2,2,2,0
916,916,0,2,20970,579,0,1,2012,0,11,2,0
917,917,0,3,12700,578,0,1,2013,0,4,2,0
918,918,0,0,2270,577,0,35,1900,2,1,2,0
919,919,0,2,50,576,0,1,2006,0,11,2,0
920,920,0,0,960,575,0,13,2008,0,5,2,0
921,921,0,3,4400,574,0,1,1900,0,1,2,0
922,922,0,0,1190,573,0,36,2012,0,11,2,0
923,923,0,3,9230,572,0,37,2004,2,4,2,0
924,924,0,0,2890,835,0,10,2007,0,12,2,0
925,925,0,3,3910,559,0,5,2006,0,11,2,0
926,926,0,2,1910,560,0,1,2013,2,7,2,0
927,927,0,3,14300,561,0,1,1900,0,1,2,0
928,928,1675,1,1210,562,0,1,1900,2,1,2,8498
929,929,0,0,700,563,0,10,2015,0,3,2,0
930,930,0,0,360,589,0,18,1900,2,1,2,0
931,931,0,3,6540,564,0,14,1900,2,1,2,0
932,932,0,0,3620,566,0,40,1900,0,1,2,0
933,933,0,2,1010,567,0,18,2012,0,9,2,0
934,934,0,3,4270,568,0,1,1900,2,1,2,0
935,935,0,0,1340,569,0,1,2006,0,9,2,0
936,936,0,0,180,570,0,1,2006,0,11,2,0
937,937,0,3,2110,571,0,40,1995,0,11,2,0
938,938,0,0,160,565,0,1,2007,2,7,2,0
939,939,0,0,460,694,0,40,2012,2,11,2,0
940,940,0,3,4520,590,0,31,2010,2,9,2,0
941,941,0,0,2540,592,0,1,2005,0,6,2,0
942,942,0,0,4080,623,0,13,2011,0,3,2,0
943,943,0,0,0,622,0,1,1900,2,1,2,0
944,944,0,0,30,621,0,1,2002,0,7,2,0
945,945,0,3,5440,620,0,40,1900,2,1,2,0
946,946,0,0,1600,619,0,45,2006,0,6,2,0
947,947,0,3,9910,618,0,1,1900,2,1,2,0
948,948,0,0,8940,617,0,9,1900,2,1,2,0
949,949,0,0,3040,616,0,35,2011,2,8,2,0
950,950,0,3,730,615,0,1,2007,0,8,2,0
951,951,0,0,1160,614,0,1,2012,0,12,2,0
952,952,0,2,250,613,0,14,2007,0,6,2,0
953,953,0,3,2490,612,0,31,2012,2,11,2,0
954,954,0,0,8080,611,0,40,2002,0,12,2,0
955,955,0,0,660,610,0,1,2007,0,1,2,0
956,956,0,0,2070,609,0,1,2007,0,9,2,0
957,957,0,0,18370,608,0,14,2013,2,2,2,0
958,958,0,0,350,607,0,14,1999,0,8,2,0
959,959,0,0,33060,593,0,1,2010,2,3,2,0
960,960,0,0,1790,594,0,1,2011,0,10,2,0
961,961,0,2,1130,595,0,1,2015,2,6,2,0
962,962,0,2,290,596,0,1,2006,0,9,2,0
963,963,0,0,150,597,0,1,2008,0,9,2,0
964,964,0,2,550,598,0,40,2013,0,12,2,0
965,965,0,0,3340,591,0,22,1900,2,1,2,0
966,966,0,3,580,599,0,1,2014,2,11,2,0
967,967,0,3,8220,601,0,14,2014,0,4,2,0
968,968,0,0,2710,602,0,22,2001,0,7,2,0
969,969,0,0,340,603,0,13,2007,0,4,2,0
970,970,0,3,10950,604,0,1,2014,0,3,2,0
971,971,0,3,10310,605,0,37,2003,0,4,2,0
972,972,0,0,2260,606,0,1,2007,0,11,2,0
973,973,0,3,17340,600,0,9,2010,2,6,2,0
974,974,0,0,550,695,0,1,2011,0,7,2,0
975,975,0,0,2180,628,0,1,1900,2,1,2,0
976,976,0,3,3780,697,0,40,1900,0,1,2,0
977,977,0,0,2090,797,0,40,2012,0,10,2,0
978,978,0,0,7180,796,0,1,2012,2,11,2,0
979,979,0,3,510,795,0,35,1900,0,1,2,0
980,980,0,2,5090,794,0,1,2006,2,9,2,0
981,981,0,3,2710,793,0,1,2006,0,7,2,0
982,982,0,3,17280,792,0,18,2009,0,10,2,0
983,983,0,0,5950,791,0,1,2007,0,4,2,0
984,984,0,3,9070,790,0,1,2003,2,12,2,0
985,985,0,0,9770,789,0,1,2003,2,7,2,0
986,986,0,0,1530,788,0,1,2013,2,3,2,0
987,987,0,2,3210,787,0,1,2009,2,6,2,0
988,988,0,0,290,786,0,5,2006,0,11,2,0
989,989,0,3,970,785,0,31,2005,2,7,2,0
990,990,0,0,560,784,0,10,2014,0,10,2,0
991,991,0,3,15490,783,0,1,1900,2,1,2,0
992,992,0,2,5390,782,0,1,2003,2,8,2,0
993,993,0,0,630,781,0,1,2007,0,4,2,0
994,994,0,0,13080,767,0,1,1900,2,1,2,0
995,995,0,0,2630,768,0,1,2012,2,9,2,0
996,996,1248,1,840,769,0,48,1900,1,1,2,5035
997,997,0,0,100,770,0,1,2015,2,4,2,0
998,998,0,0,20640,771,0,1,2007,0,9,2,0
999,999,0,3,1850,772,0,1,1900,2,1,2,0
